Position, Company, Location, URL
Student Researcher  2023의 전체 세부 정보, Google, 서울, http://kr.indeed.com/rc/clk?jk=f438fdb09a101e51&fccid=a5b4499d9e91a5c6&vjs=3
Business Intelligence Analyst  Seoul  Korea의 전체 세부 정보, Tesla, 서울 강남구, http://kr.indeed.com/rc/clk?jk=4b3dfd13c88992b8&fccid=86e9be6ce380173e&vjs=3
Financial  Regulatory and Risk Reporting Speciallist의 전체 세부 정보, Deutsche Bank, 서울, http://kr.indeed.com/rc/clk?jk=4e842304541b3a53&fccid=f1d8e147024abb3f&vjs=3
백엔드 엔지니어(Python)의 전체 세부 정보, 피플펀드컴퍼니, 서울 서초구, http://kr.indeed.com/rc/clk?jk=07df7596a60f259a&fccid=10d9fdf90a5a21a4&vjs=3
Engineering internship in Sweden!의 전체 세부 정보, Iknal Semikan, 서울, http://kr.indeed.com/rc/clk?jk=73f84a6025e969d5&fccid=1c1f99bc5683e9f2&vjs=3
AI 연구개발자 전문연구요원(병역특례)의 전체 세부 정보, 라이트비전, 서울 성동구, http://kr.indeed.com/rc/clk?jk=32294eba5d09a17b&fccid=e391d8e930358bac&vjs=3
기술 인턴 인공지능 응용 연구/개발 인턴의 전체 세부 정보, 써로마인드로보틱스, 서울 관악구, http://kr.indeed.com/rc/clk?jk=71c47ac87bb4087e&fccid=230e414668234579&vjs=3
[ICT] Platform Engineer- Bigdata[매니저  책임매니저]의 전체 세부 정보, 현대자동차그룹, 대한민국, http://kr.indeed.com/rc/clk?jk=0948ef7207ba116a&fccid=980d6ecc399a3373&vjs=3
개발자 - Python 서버 프로그램 개발의 전체 세부 정보, 바인테크, 서울 송파구, http://kr.indeed.com/rc/clk?jk=4cc15c26097421c5&fccid=aef44811e748bebe&vjs=3
[ICT] Data Scientist- 비전 및 3D 분석[매니저  책임매니저]의 전체 세부 정보, 현대자동차그룹, 대한민국, http://kr.indeed.com/rc/clk?jk=456e8e6d9aae68b3&fccid=980d6ecc399a3373&vjs=3
Data Custodian의 전체 세부 정보, Chanel, 서울, http://kr.indeed.com/rc/clk?jk=02d5c6b415d8b33e&fccid=20f48cf7726b0510&vjs=3
Robotics Engineer [Computer Vision][연구원  책임연구원]의 전체 세부 정보, 현대자동차그룹, 대한민국, http://kr.indeed.com/rc/clk?jk=d18652df74e7a983&fccid=980d6ecc399a3373&vjs=3
(인천 송도) 인공지능(AI)분야 Python 개발 인력 구인의 전체 세부 정보, 주식회사 애나 관심기업, 인천 송도동, http://kr.indeed.com/rc/clk?jk=c0fb9320f68bb3e7&fccid=2f6f10515ebbc33c&vjs=3
[23년 2분기] 백엔드(Python  Java) 엔지니어의 전체 세부 정보, 액스, 서울 서초구, http://kr.indeed.com/rc/clk?jk=8ee2ada11e63fc61&fccid=5013eca338141e7d&vjs=3
2023 Student Training in Engineering Program (STEP)  People with Disabilities (장애인 채용)의 전체 세부 정보, Google, 서울, http://kr.indeed.com/rc/clk?jk=5d24a062cabc9f0d&fccid=a5b4499d9e91a5c6&vjs=3
[올라핀테크] 핀테크 플랫폼 Python(파이썬) 개발자의 전체 세부 정보, 주식회사 올라핀테크 관심기업, 서울 논현동, http://kr.indeed.com/rc/clk?jk=83afc0063130f3f2&fccid=ee9199e84b45d22f&vjs=3
Software Quality Engineer의 전체 세부 정보, Electronic Arts, 서울, http://kr.indeed.com/rc/clk?jk=32438e92a2d9b85c&fccid=617d7f961cfcf54a&vjs=3
Machine Learning R&D 연구원의 전체 세부 정보, 카이어, 서울 서초구, http://kr.indeed.com/rc/clk?jk=19da3484bd7a72f1&fccid=908ef26c4dd7595f&vjs=3
Robotics Engineer [AI Perception][연구원  책임연구원]의 전체 세부 정보, 현대자동차그룹, 대한민국, http://kr.indeed.com/rc/clk?jk=1c359b496e207d83&fccid=980d6ecc399a3373&vjs=3
국내 펀드 트레이더 신입의 전체 세부 정보, 두나미스자산운용, 대한민국, http://kr.indeed.com/rc/clk?jk=5c28afa48166812d&fccid=3e3ca98d4801ac53&vjs=3
Back end Developer (Python)의 전체 세부 정보, 인라이플, 서울 구로구, http://kr.indeed.com/rc/clk?jk=56619ea300b4f31e&fccid=25a5f8f961de7852&vjs=3
SQL  Python 기반 Data Engineer(경력직) 채용의 전체 세부 정보, 파인트리파트너스 주식회사 관심기업, 서울 도화동, http://kr.indeed.com/rc/clk?jk=1720b452301b54aa&fccid=4c458be029af0a85&vjs=3
[ICT] Data Engineering[책임매니저(G3)]의 전체 세부 정보, 현대자동차그룹, 서울 양재역, http://kr.indeed.com/rc/clk?jk=2227849edfa12196&fccid=980d6ecc399a3373&vjs=3
IT기술지원  인터넷·IT전문 외 경력의 전체 세부 정보, 하이브, 서울 용산구, http://kr.indeed.com/rc/clk?jk=a64337ac4b163db3&fccid=55c46c15186153ee&vjs=3
상시지원 (AI & ML Engineer)의 전체 세부 정보, Riiid Labs, 서울, http://kr.indeed.com/rc/clk?jk=52f5974359383a74&fccid=933989f3b0ffe928&vjs=3
[Hyper-X] Backend Software Engineer의 전체 세부 정보, Match Group, 서울, http://kr.indeed.com/rc/clk?jk=e9f4a8a5f31e1393&fccid=47feb0effe4ed4f2&vjs=3
Research Scientist의 전체 세부 정보, Riiid Labs, 서울, http://kr.indeed.com/rc/clk?jk=3d794e5c45b53dd1&fccid=933989f3b0ffe928&vjs=3
Software Engineer - Computer Vision의 전체 세부 정보, 에이스랩, 서울 강남구, http://kr.indeed.com/rc/clk?jk=23ddb3461b26e773&fccid=7c9b5852f21bdea3&vjs=3
Robotics Engineer [Edge AI Computing][책임연구원]의 전체 세부 정보, 현대자동차그룹, 대한민국, http://kr.indeed.com/rc/clk?jk=a3b38c6535457592&fccid=980d6ecc399a3373&vjs=3
Web Frontend/Backend의 전체 세부 정보, 람다256, 서울 서초구, http://kr.indeed.com/rc/clk?jk=044e388167c8100e&fccid=f3f68c6b34635a69&vjs=3
Python  JAVA 백엔드 개발자의 전체 세부 정보, 주식회사 소프트랩스 관심기업, 서울 가산동, http://kr.indeed.com/rc/clk?jk=29e22a2efce2715f&fccid=5d00ed32cfbf2240&vjs=3
Python 활용한 중고등 수학 문제 제작 인턴의 전체 세부 정보, 프로키언, 안양 동안구, http://kr.indeed.com/rc/clk?jk=a4b9cb520dabc48e&fccid=d00e75c36e669f2c&vjs=3
Digital Therapeutics R&D - AI 모델 개발 (국내 유명 바이오 제약회사)의 전체 세부 정보, 엑스다임, 경기도, http://kr.indeed.com/rc/clk?jk=9605a1da49776964&fccid=3206ec9d182fb07f&vjs=3
2023 Software Engineering Intern  People with Disabilities (장애인 채용)의 전체 세부 정보, Google, 서울, http://kr.indeed.com/rc/clk?jk=ed7b7e6eb72ffab8&fccid=a5b4499d9e91a5c6&vjs=3
[선행기술원] AI 모델 경량화 개발[책임연구원]의 전체 세부 정보, 현대자동차그룹, 성남 판교역, http://kr.indeed.com/rc/clk?jk=2a791ab360c63252&fccid=980d6ecc399a3373&vjs=3
Python 분석 인원 정규직 채용의 전체 세부 정보, (주)스마트모빌러티 관심기업, 서울 휘경동, http://kr.indeed.com/rc/clk?jk=5e761f105a377ae8&fccid=307824036b9dcb17&vjs=3
AI 연구 MLOps의 전체 세부 정보, 코그넷나인, 서울 서초구, http://kr.indeed.com/rc/clk?jk=36ae5f764253d121&fccid=015d2bad6d9df969&vjs=3
Data Platform Engineer의 전체 세부 정보, LINE Plus corporation, 대한민국, http://kr.indeed.com/rc/clk?jk=14a8e6a6454b03c5&fccid=e90e80bc9ed9a53f&vjs=3
[인텔리전스랩스] 탐지응용팀 백엔드 개발자 (Python/Go)의 전체 세부 정보, Nexon, 경기도 성남, http://kr.indeed.com/rc/clk?jk=4ce79aa71969b913&fccid=aba87288e4cc3687&vjs=3
[TaaS] Data Scientist[연구원  책임연구원]의 전체 세부 정보, 현대자동차그룹, 서울 강남구, http://kr.indeed.com/rc/clk?jk=67b03ffab1c536ba&fccid=980d6ecc399a3373&vjs=3
위시켓과 함께할 서버개발자님의 전체 세부 정보, 위시켓, 서울 강남구, http://kr.indeed.com/rc/clk?jk=a3a65a4d59061430&fccid=533c91503ff32d48&vjs=3
Data Scientist의 전체 세부 정보, Toss, 서울, http://kr.indeed.com/rc/clk?jk=9cb8324539546a71&fccid=18c4935c8ec646d5&vjs=3
Application Analyst의 전체 세부 정보, Lenovo, 서울, http://kr.indeed.com/rc/clk?jk=099560ff73f26c7a&fccid=af103eaff391cdf0&vjs=3
Customer Engineer  Data Analytics  Google Cloud의 전체 세부 정보, Google, 서울, http://kr.indeed.com/rc/clk?jk=6a6226526d9482cc&fccid=a5b4499d9e91a5c6&vjs=3
[동박/FCCL 전문회사] AI개발 및 Big Data분석 담당의 전체 세부 정보, 커리어라임즈컨설팅, 수원 장안구, http://kr.indeed.com/rc/clk?jk=efe7426be3882b10&fccid=c88a42c79b5234d5&vjs=3
Software Engineer - Vehicle Control의 전체 세부 정보, 에이스랩, 서울 강남구, http://kr.indeed.com/rc/clk?jk=bc6e27b8ed5bed48&fccid=7c9b5852f21bdea3&vjs=3
2023년 DIgital Lab 전문계약직 상시의 전체 세부 정보, GS칼텍스, 서울 강남구, http://kr.indeed.com/rc/clk?jk=2e45e43017a6ea1f&fccid=f152288f3dcf6e51&vjs=3
AJOU KIURI Bio-AI 센터 학생연구원의 전체 세부 정보, 아주대학교, 수원 영통구, http://kr.indeed.com/rc/clk?jk=7f517b7b1b8d1bd5&fccid=3b1e77596c7c0ec1&vjs=3
2023 사이냅소프트 개발자 중의 전체 세부 정보, 사이냅소프트, 서울 강서구, http://kr.indeed.com/rc/clk?jk=6dd5e99ec2352d6a&fccid=0673ca84bc014599&vjs=3
JR0192526 SW engineer intern의 전체 세부 정보, 인텔코리아, 서울, http://kr.indeed.com/rc/clk?jk=83f4939522ffaa68&fccid=ded06d6a6799d929&vjs=3
8퍼센트 개발자 (신입/경력)의 전체 세부 정보, 8퍼센트, 서울 종로구, http://kr.indeed.com/rc/clk?jk=8af26b37623864c4&fccid=ac216a9ae7b75c06&vjs=3
TSC ENGINEER의 전체 세부 정보, 콘티넨탈타이어코리아 유한회사, 세종특별자치시 세종, http://kr.indeed.com/rc/clk?jk=8c108f048783a6bb&fccid=2ba75637da030610&vjs=3
Java  Python 영상툴 개발자의 전체 세부 정보, 에이아이메이커, 서울 금천구, http://kr.indeed.com/rc/clk?jk=cae2de07045cfb2b&fccid=5347ade40d1c0654&vjs=3
Google Workspace  Swit 기술지원 개발자의 전체 세부 정보, 한진정보통신, 서울 강서구, http://kr.indeed.com/rc/clk?jk=f15e705cc5f81874&fccid=3e60978863804d95&vjs=3
[선행기술원] AI Data Scientist[책임연구원]의 전체 세부 정보, 현대자동차그룹, 성남 판교역, http://kr.indeed.com/rc/clk?jk=227799b436907962&fccid=980d6ecc399a3373&vjs=3
[홈페이지지원] 2023년 신입·경력 중의 전체 세부 정보, 사이냅소프트, 서울 강서구, http://kr.indeed.com/rc/clk?jk=c0cd7991573c901d&fccid=0673ca84bc014599&vjs=3
Software Engineer의 전체 세부 정보, 에이스랩, 서울 강남구, http://kr.indeed.com/rc/clk?jk=6d6c67ee2dd39c8b&fccid=7c9b5852f21bdea3&vjs=3
국내 대기업 - 고객 데이터분석 포지션의 전체 세부 정보, 라피플코리아리미티드, 서울, http://kr.indeed.com/rc/clk?jk=75c348600e4ba140&fccid=28f5722fca6f5b12&vjs=3
Technical Solutions Engineer  Platform  Google Cloud의 전체 세부 정보, Google, 서울, http://kr.indeed.com/rc/clk?jk=0627dfc40d9705a4&fccid=a5b4499d9e91a5c6&vjs=3
[] Software Engineer의 전체 세부 정보, 모빌린트, 서울 강남구, http://kr.indeed.com/rc/clk?jk=7951a96de00b3c6c&fccid=53b5b88225bcdcea&vjs=3
System Test Engineer의 전체 세부 정보, Harman International, 서울, http://kr.indeed.com/rc/clk?jk=583b2e375ded6ed6&fccid=4faf342d2307e9ed&vjs=3
대기업계열 모빌리티 데이터 분석 모델 개발 (신입/경력)의 전체 세부 정보, 경연파트너스, 서울 용산구, http://kr.indeed.com/rc/clk?jk=fc4ce8e7031b4ab0&fccid=0f76eb1d9acd6c10&vjs=3
차량 진단 기술 및 컨텐츠 개발[매니저]의 전체 세부 정보, 현대자동차그룹, 서울, http://kr.indeed.com/rc/clk?jk=00a8c8577dcba2dd&fccid=980d6ecc399a3373&vjs=3
[데브시스터즈] Data Analyst의 전체 세부 정보, 데브시스터즈, 서울 강남구, http://kr.indeed.com/rc/clk?jk=6b53335986238646&fccid=58a9a803698a0afd&vjs=3
[인텔리전스랩스] 유저 동향 분석 시스템 엔지니어 (Python/React)의 전체 세부 정보, Nexon, 경기도 성남, http://kr.indeed.com/rc/clk?jk=bd447737a4f1e075&fccid=aba87288e4cc3687&vjs=3
TPU Architect  Machine Learning Accelerator의 전체 세부 정보, Google, 서울, http://kr.indeed.com/rc/clk?jk=a3f380d8b3a2788d&fccid=a5b4499d9e91a5c6&vjs=3
퍼즐데이터 역량있는 데이터 분석가의 전체 세부 정보, 주식회사퍼즐데이터, 서울 역삼동, http://kr.indeed.com/rc/clk?jk=116009dbf59211ed&fccid=bbae7241cc714540&vjs=3
Technical Support Engineer의 전체 세부 정보, Databricks, 서울, http://kr.indeed.com/rc/clk?jk=8edada557f69c26b&fccid=3d0f7ba22a49432f&vjs=3
Determined AI - Customer Engineer의 전체 세부 정보, Hewlett Packard Enterprise, 서울, http://kr.indeed.com/rc/clk?jk=0c485b37ca64fe88&fccid=216eb700022de6f6&vjs=3
데이터 분석가의 전체 세부 정보, 파이프트리스마트팜, 서울 송파구, http://kr.indeed.com/rc/clk?jk=d49618d656468d9b&fccid=91264d1b241643c2&vjs=3
[AI] Deep Learning Engineer - Data Centric AI (1년 ~ 3년)의 전체 세부 정보, KRAFTON, 서울, http://kr.indeed.com/rc/clk?jk=ac7033d4bb21f53c&fccid=71c5bb3a87fe9ecf&vjs=3
[전문연구요원 / 산업기능요원] 서버 개발자의 전체 세부 정보, 피알앤디컴퍼니, 서울 서초구, http://kr.indeed.com/rc/clk?jk=8f33814f3d69de0d&fccid=0eb07c6e39a489a2&vjs=3
Software Engineer (New Grad)  R&D의 전체 세부 정보, CLO Virtual Fashion, 서울, http://kr.indeed.com/rc/clk?jk=da939db2e1f4a1d8&fccid=dca5e8b8952213a9&vjs=3
[경력] 데이터 분석  AI 개발자의 전체 세부 정보, 새론솔루션, 경기도 의왕, http://kr.indeed.com/rc/clk?jk=9e77edb67909a466&fccid=76633e95a4dfd3e1&vjs=3
컨설팅부문 AI팀 (머신러닝/딥러닝) 컨설턴트 경력직의 전체 세부 정보, EY, 서울 영등포구, http://kr.indeed.com/rc/clk?jk=8d825a53a84a264c&fccid=1544766d4c2915b0&vjs=3
Senior Open Source Developer & DevOps (Python  Django  React  AWS/OpenStack), OpenCraft, Anywhere in the World, https://weworkremotely.com/remote-jobs/opencraft-senior-open-source-developer-devops-python-django-react-aws-openstack
Full-stack Python Developer , Lemon.io, Latin America Only/Europe Only/UK Only/Canada Only, https://weworkremotely.com/remote-jobs/lemon-io-full-stack-python-developer-1
Lead Full-Stack Software Engineer - Python / Django, InfoBeans Inc., USA Only, https://weworkremotely.com/remote-jobs/infobeans-inc-lead-full-stack-software-engineer-python-django
Senior Backend Python Engineer: Long-term job - 100% remote, Proxify AB, Latin America Only/Europe Only/EMEA Only, https://weworkremotely.com/remote-jobs/proxify-ab-senior-backend-python-engineer-long-term-job-100-remote
Senior/Staff Software Engineer - Backend/Python - USA (100% Remote), Close, USA Only, https://weworkremotely.com/remote-jobs/close-senior-staff-software-engineer-backend-python-usa-100-remote
